2025-01-01,New Year's Brunch
2025-01-02,Write Elixir code
2025-01-03,Gym session
2025-01-04,Call Mom
2025-01-05,Finish book
2025-01-06,Work on side project
2025-01-07,Buy groceries
2025-01-08,Team meeting
2025-01-09,Pay bills
2025-01-10,Doctor appointment
2025-01-11,Clean apartment
2025-01-12,Go hiking
2025-01-13,Learn a new recipe
2025-01-14,Coffee with Alex
2025-01-15,Write blog post
2025-01-16,Weekly planning
2025-01-17,Online course
2025-01-18,Car maintenance
2025-01-19,Visit grandparents
2025-01-20,Do laundry
2025-01-21,Check finances
2025-01-22,Code review
2025-01-23,Research new library
2025-01-24,Birthday party
2025-01-25,Go swimming
2025-01-26,Weekly shopping
2025-01-27,Write tests
2025-01-28,Deploy project
2025-01-29,Update resume
2025-01-30,Fix garden
2025-01-31,Watch movie
2025-02-01,Plan trip
2025-02-02,Visit museum
2025-02-03,Run 5km
2025-02-04,Backup laptop
2025-02-05,Doctor visit
2025-02-06,Try new restaurant
2025-02-07,Write newsletter
2025-02-08,Meet Sarah
2025-02-09,Practice guitar
2025-02-10,Organize desk
2025-02-11,Buy birthday gift
2025-02-12,Test Elixir code
2025-02-13,Go cycling
2025-02-14,Valentine's dinner
2025-02-15,Home repair
2025-02-16,Library visit
2025-02-17,Write poem
2025-02-18,Fix bug
2025-02-19,Clean fridge
2025-02-20,Call client
2025-02-21,Prepare slides
2025-02-22,Attend meetup
2025-02-23,Paint room
2025-02-24,Update CV
2025-02-25,Do yoga
2025-02-26,Test project
2025-02-27,Refactor code
2025-02-28,Read article
2025-03-01,Write diary
2025-03-02,Buy flowers
2025-03-03,Weekly sync
2025-03-04,Car wash
2025-03-05,Check bike
2025-03-06,Debug app
2025-03-07,Write docs
2025-03-08,Go climbing
2025-03-09,Buy shoes
2025-03-10,Do taxes
2025-03-11,Prepare talk
2025-03-12,Send emails
2025-03-13,Read paper
2025-03-14,Pair programming
2025-03-15,Try cooking
2025-03-16,Garden work
2025-03-17,Update phone
2025-03-18,Wash clothes
2025-03-19,Check logs
2025-03-20,Buy tools
2025-03-21,Take photos
2025-03-22,Plan workshop
2025-03-23,Organize files
2025-03-24,Watch series
2025-03-25,Weekly goals
2025-03-26,Journal entry
2025-03-27,Go running
2025-03-28,Fix chair
2025-03-29,Meet John
2025-03-30,Review code
2025-03-31,Spring cleaning
2025-04-01,Setup project
2025-04-02,Walk in park
2025-04-03,Call Emma
2025-04-04,Finish essay
2025-04-05,Bake bread
2025-04-06,Learn Spanish
2025-04-07,Do pushups
2025-04-08,Read book
2025-04-09,Plan weekend
2025-04-10,Fix bug report
